{"cameraMode":{"drawMode":31,"name":"Sprite Mask","section":"Miscellaneous"},"sceneLighting":false,"audioPlay":false,"sceneViewState":{"showFog":true,"showMaterialUpdate":false,"showSkybox":false,"showFlares":true,"showImageEffects":true,"showParticleSystems":true},"in2DMode":false,"pivot":{"x":-0.2897758483886719,"y":5.286340713500977,"z":0.03994178771972656},"rotation":{"x":-0.10721544176340103,"y":-0.8884987831115723,"z":0.358384907245636,"w":-0.26582127809524538},"size":37.90662384033203,"orthographic":true}