{"cameraMode":{"drawMode":31,"name":"Sprite Mask","section":"Miscellaneous"},"sceneLighting":true,"audioPlay":false,"sceneViewState":{"showFog":true,"showMaterialUpdate":false,"showSkybox":true,"showFlares":true,"showImageEffects":true,"showParticleSystems":true},"in2DMode":false,"pivot":{"x":64.98757934570313,"y":4.76837158203125e-7,"z":39.922088623046878},"rotation":{"x":-0.2887095808982849,"y":-0.6784610748291016,"z":0.33370649814605715,"w":-0.5877345204353333},"size":11.141847610473633,"orthographic":true}