{"cameraMode":{"drawMode":31,"name":"Sprite Mask","section":"Miscellaneous"},"sceneLighting":true,"audioPlay":false,"sceneViewState":{"showFog":true,"showMaterialUpdate":false,"showSkybox":true,"showFlares":true,"showImageEffects":true,"showParticleSystems":true},"in2DMode":false,"pivot":{"x":57.6810302734375,"y":2.57861328125,"z":40.54736328125},"rotation":{"x":0.09637200832366944,"y":-0.8286834955215454,"z":0.15198466181755067,"w":0.5305483937263489},"size":9.311663627624512,"orthographic":true}