{"cameraMode":{"drawMode":31,"name":"Sprite Mask","section":"Miscellaneous"},"sceneLighting":true,"audioPlay":false,"sceneViewState":{"showFog":true,"showMaterialUpdate":false,"showSkybox":true,"showFlares":true,"showImageEffects":true,"showParticleSystems":true},"in2DMode":false,"pivot":{"x":35.354026794433597,"y":0.8264042735099793,"z":39.48390579223633},"rotation":{"x":-0.217386856675148,"y":0.25706952810287478,"z":-0.059960197657346728,"w":-0.9400181174278259},"size":7.922270774841309,"orthographic":true}