{"cameraMode":{"drawMode":31,"name":"Sprite Mask","section":"Miscellaneous"},"sceneLighting":true,"audioPlay":false,"sceneViewState":{"showFog":true,"showMaterialUpdate":false,"showSkybox":true,"showFlares":true,"showImageEffects":true,"showParticleSystems":true},"in2DMode":false,"pivot":{"x":31.405593872070314,"y":0.7820079326629639,"z":38.060001373291019},"rotation":{"x":-0.08327770978212357,"y":-0.04605245962738991,"z":0.002911306917667389,"w":-0.995766818523407},"size":2.845677375793457,"orthographic":true}