{"cameraMode":{"drawMode":31,"name":"Sprite Mask","section":"Miscellaneous"},"sceneLighting":false,"audioPlay":false,"sceneViewState":{"showFog":true,"showMaterialUpdate":false,"showSkybox":false,"showFlares":true,"showImageEffects":true,"showParticleSystems":true},"in2DMode":false,"pivot":{"x":58.19308853149414,"y":0.2695155143737793,"z":39.79586410522461},"rotation":{"x":0.061113543808460239,"y":-0.7459575533866882,"z":0.06914056837558747,"w":0.6598018407821655},"size":6.045504570007324,"orthographic":true}