{"cameraMode":{"drawMode":31,"name":"Sprite Mask","section":"Miscellaneous"},"sceneLighting":true,"audioPlay":false,"sceneViewState":{"showFog":true,"showMaterialUpdate":false,"showSkybox":true,"showFlares":true,"showImageEffects":true,"showParticleSystems":true},"in2DMode":false,"pivot":{"x":336.0,"y":186.21449279785157,"z":24.105501174926759},"rotation":{"x":-0.18819370865821839,"y":0.6959003806114197,"z":-0.19709844887256623,"w":-0.6644588112831116},"size":35.10356140136719,"orthographic":true}