{"cameraMode":{"drawMode":31,"name":"Sprite Mask","section":"Miscellaneous"},"sceneLighting":true,"audioPlay":false,"sceneViewState":{"showFog":true,"showMaterialUpdate":false,"showSkybox":true,"showFlares":true,"showImageEffects":true,"showParticleSystems":true},"in2DMode":false,"pivot":{"x":21.646484375,"y":0.6239013671875,"z":40.5699462890625},"rotation":{"x":0.042199041694402698,"y":0.6895565390586853,"z":-0.03962027281522751,"w":0.7223654985427856},"size":20.732271194458009,"orthographic":true}