{"cameraMode":{"drawMode":31,"name":"Sprite Mask","section":"Miscellaneous"},"sceneLighting":true,"audioPlay":false,"sceneViewState":{"showFog":true,"showMaterialUpdate":false,"showSkybox":true,"showFlares":true,"showImageEffects":true,"showParticleSystems":true},"in2DMode":false,"pivot":{"x":26.799999237060548,"y":0.0,"z":-27.299999237060548},"rotation":{"x":0.11154662072658539,"y":0.8781971335411072,"z":-0.24958226084709168,"w":0.3924906551837921},"size":12.900890350341797,"orthographic":true}