{"cameraMode":{"drawMode":31,"name":"Sprite Mask","section":"Miscellaneous"},"sceneLighting":true,"audioPlay":false,"sceneViewState":{"showFog":true,"showMaterialUpdate":false,"showSkybox":true,"showFlares":true,"showImageEffects":true,"showParticleSystems":true},"in2DMode":false,"pivot":{"x":64.14667510986328,"y":0.21609991788864137,"z":35.06018829345703},"rotation":{"x":-0.09790395200252533,"y":0.8989707231521606,"z":-0.33928781747817995,"w":-0.25931841135025027},"size":21.346532821655275,"orthographic":true}