{"cameraMode":{"drawMode":31,"name":"Sprite Mask","section":"Miscellaneous"},"sceneLighting":false,"audioPlay":false,"sceneViewState":{"showFog":true,"showMaterialUpdate":false,"showSkybox":false,"showFlares":true,"showImageEffects":true,"showParticleSystems":true},"in2DMode":false,"pivot":{"x":16.74624252319336,"y":-0.7139202356338501,"z":-1.9240188598632813},"rotation":{"x":0.28482285141944888,"y":0.6448332667350769,"z":-0.2815277874469757,"w":0.6515047550201416},"size":2.845676898956299,"orthographic":true}