{"cameraMode":{"drawMode":31,"name":"Sprite Mask","section":"Miscellaneous"},"sceneLighting":true,"audioPlay":false,"sceneViewState":{"showFog":true,"showMaterialUpdate":false,"showSkybox":true,"showFlares":true,"showImageEffects":true,"showParticleSystems":true},"in2DMode":false,"pivot":{"x":30.0615234375,"y":-1.7939453125,"z":51.14892578125},"rotation":{"x":0.2407248467206955,"y":-0.6061647534370422,"z":0.19953271746635438,"w":0.7313083410263062},"size":5.6259684562683109,"orthographic":true}