{"cameraMode":{"drawMode":0,"name":"Shaded","section":"Shading Mode"},"sceneLighting":true,"audioPlay":false,"sceneViewState":{"showFog":true,"showMaterialUpdate":false,"showSkybox":true,"showFlares":true,"showImageEffects":true,"showParticleSystems":true},"in2DMode":false,"pivot":{"x":26.799999237060548,"y":0.0,"z":-27.299999237060548},"rotation":{"x":0.39439886808395388,"y":0.453472763299942,"z":-0.2339903861284256,"w":0.7642539739608765},"size":134.67648315429688,"orthographic":true}