{"cameraMode":{"drawMode":31,"name":"Sprite Mask","section":"Miscellaneous"},"sceneLighting":true,"audioPlay":false,"sceneViewState":{"showFog":true,"showMaterialUpdate":false,"showSkybox":true,"showFlares":true,"showImageEffects":true,"showParticleSystems":true},"in2DMode":false,"pivot":{"x":61.99267578125,"y":1.17236328125,"z":37.208984375},"rotation":{"x":-0.035085320472717288,"y":0.7671618461608887,"z":-0.04219568520784378,"w":-0.6393531560897827},"size":4.809650897979736,"orthographic":true}