{"cameraMode":{"drawMode":31,"name":"Sprite Mask","section":"Miscellaneous"},"sceneLighting":true,"audioPlay":false,"sceneViewState":{"showFog":true,"showMaterialUpdate":false,"showSkybox":true,"showFlares":true,"showImageEffects":true,"showParticleSystems":true},"in2DMode":false,"pivot":{"x":31.405593872070314,"y":0.7820079326629639,"z":38.060001373291019},"rotation":{"x":-0.010881273075938225,"y":0.9890890121459961,"z":-0.09614407271146774,"w":-0.11233952641487122},"size":1.0310848951339722,"orthographic":true}