{"cameraMode":{"drawMode":31,"name":"Sprite Mask","section":"Miscellaneous"},"sceneLighting":true,"audioPlay":false,"sceneViewState":{"showFog":true,"showMaterialUpdate":false,"showSkybox":true,"showFlares":true,"showImageEffects":true,"showParticleSystems":true},"in2DMode":false,"pivot":{"x":-21.853050231933595,"y":1.1469974517822266,"z":63.75316619873047},"rotation":{"x":0.12342077493667603,"y":-0.42953094840049746,"z":0.059391170740127566,"w":0.8926122188568115},"size":28.180435180664064,"orthographic":true}