{"cameraMode":{"drawMode":31,"name":"Sprite Mask","section":"Miscellaneous"},"sceneLighting":false,"audioPlay":false,"sceneViewState":{"showFog":true,"showMaterialUpdate":false,"showSkybox":false,"showFlares":true,"showImageEffects":true,"showParticleSystems":true},"in2DMode":false,"pivot":{"x":16.74624252319336,"y":-0.7139202356338501,"z":-1.9240188598632813},"rotation":{"x":0.0014554027002304793,"y":0.9973530769348145,"z":-0.07583441585302353,"w":0.013582504354417324},"size":1.7956401109695435,"orthographic":true}