{"cameraMode":{"drawMode":0,"name":"Shaded","section":"Shading Mode"},"sceneLighting":true,"audioPlay":false,"sceneViewState":{"showFog":true,"showMaterialUpdate":false,"showSkybox":true,"showFlares":true,"showImageEffects":true,"showParticleSystems":true},"in2DMode":false,"pivot":{"x":22.221961975097658,"y":8.08676528930664,"z":-13.821783065795899},"rotation":{"x":0.38667890429496767,"y":0.22598914802074433,"z":-0.09830573946237564,"w":0.8886898756027222},"size":102.99452209472656,"orthographic":true}