{"cameraMode":{"drawMode":31,"name":"Sprite Mask","section":"Miscellaneous"},"sceneLighting":true,"audioPlay":false,"sceneViewState":{"showFog":true,"showMaterialUpdate":false,"showSkybox":true,"showFlares":true,"showImageEffects":true,"showParticleSystems":true},"in2DMode":false,"pivot":{"x":31.49237060546875,"y":0.0892411470413208,"z":39.67904281616211},"rotation":{"x":0.13205431401729585,"y":-0.7774577736854553,"z":0.17553089559078217,"w":0.5898383259773254},"size":4.824953079223633,"orthographic":true}