{"cameraMode":{"drawMode":0,"name":"Shaded","section":"Shading Mode"},"sceneLighting":false,"audioPlay":false,"sceneViewState":{"showFog":true,"showMaterialUpdate":false,"showSkybox":false,"showFlares":true,"showImageEffects":true,"showParticleSystems":true},"in2DMode":false,"pivot":{"x":-8.037956237792969,"y":-1.7702888250350953,"z":54.862186431884769},"rotation":{"x":0.06537538021802902,"y":-0.6245631575584412,"z":0.05258814990520477,"w":0.7764672636985779},"size":17.428815841674806,"orthographic":false}