{"cameraMode":{"drawMode":0,"name":"Shaded","section":"Shading Mode"},"sceneLighting":false,"audioPlay":false,"sceneViewState":{"showFog":true,"showMaterialUpdate":false,"showSkybox":false,"showFlares":true,"showImageEffects":true,"showParticleSystems":true},"in2DMode":false,"pivot":{"x":58.0,"y":0.7189582586288452,"z":47.34000015258789},"rotation":{"x":0.0006639697821810842,"y":0.9920616745948792,"z":-0.12717854976654054,"w":0.005527001339942217},"size":2.8578836917877199,"orthographic":true}