{"cameraMode":{"drawMode":0,"name":"Shaded","section":"Shading Mode"},"sceneLighting":false,"audioPlay":false,"sceneViewState":{"showFog":true,"showMaterialUpdate":false,"showSkybox":false,"showFlares":true,"showImageEffects":true,"showParticleSystems":true},"in2DMode":false,"pivot":{"x":4.599999904632568,"y":0.7442456483840942,"z":50.84214782714844},"rotation":{"x":-7.626758815604262e-7,"y":-0.02039581537246704,"z":0.0000031639742701372599,"w":0.9998029470443726},"size":3.4721248149871828,"orthographic":false}