{"cameraMode":{"drawMode":0,"name":"Shaded","section":"Shading Mode"},"sceneLighting":true,"audioPlay":false,"sceneViewState":{"showFog":true,"showMaterialUpdate":false,"showSkybox":true,"showFlares":true,"showImageEffects":true,"showParticleSystems":true},"in2DMode":false,"pivot":{"x":167.6999969482422,"y":75.41899871826172,"z":113.01000213623047},"rotation":{"x":0.06294313073158264,"y":-0.8621019124984741,"z":0.11050049215555191,"w":0.4907434284687042},"size":55.92350387573242,"orthographic":true}