{"cameraMode":{"drawMode":0,"name":"Shaded","section":"Shading Mode"},"sceneLighting":false,"audioPlay":false,"sceneViewState":{"showFog":true,"showMaterialUpdate":false,"showSkybox":false,"showFlares":true,"showImageEffects":true,"showParticleSystems":true},"in2DMode":false,"pivot":{"x":33.61838150024414,"y":-0.3899005651473999,"z":-27.557214736938478},"rotation":{"x":-0.003880042815580964,"y":0.9595750570297241,"z":-0.28113141655921938,"w":-0.013248366303741932},"size":2.830864906311035,"orthographic":false}