{"cameraMode":{"drawMode":0,"name":"Shaded","section":"Shading Mode"},"sceneLighting":false,"audioPlay":false,"sceneViewState":{"showFog":true,"showMaterialUpdate":false,"showSkybox":false,"showFlares":true,"showImageEffects":true,"showParticleSystems":true},"in2DMode":false,"pivot":{"x":1.6656465530395508,"y":4.258808135986328,"z":0.062009334564208987},"rotation":{"x":0.14247390627861024,"y":-0.8573904037475586,"z":0.35997986793518069,"w":0.33936721086502077},"size":19.3678035736084,"orthographic":false}