{"cameraMode":{"drawMode":0,"name":"Shaded","section":"Shading Mode"},"sceneLighting":false,"audioPlay":false,"sceneViewState":{"showFog":true,"showMaterialUpdate":false,"showSkybox":false,"showFlares":true,"showImageEffects":true,"showParticleSystems":true},"in2DMode":false,"pivot":{"x":448.02471923828127,"y":26.399293899536134,"z":439.79840087890627},"rotation":{"x":-0.2198173850774765,"y":0.7508230209350586,"z":-0.30338913202285769,"w":-0.544058620929718},"size":5.0762038230896,"orthographic":false}