{"cameraMode":{"drawMode":0,"name":"Shaded","section":"Shading Mode"},"sceneLighting":false,"audioPlay":false,"sceneViewState":{"showFog":true,"showMaterialUpdate":false,"showSkybox":false,"showFlares":true,"showImageEffects":true,"showParticleSystems":true},"in2DMode":false,"pivot":{"x":0.17532718181610108,"y":3.391329526901245,"z":-1.5850262641906739},"rotation":{"x":-0.3449520468711853,"y":0.6279541254043579,"z":-0.3637428283691406,"w":-0.5955803990364075},"size":12.681968688964844,"orthographic":true}