{"cameraMode":{"drawMode":0,"name":"Shaded","section":"Shading Mode"},"sceneLighting":false,"audioPlay":false,"sceneViewState":{"showFog":true,"showMaterialUpdate":false,"showSkybox":false,"showFlares":true,"showImageEffects":true,"showParticleSystems":true},"in2DMode":false,"pivot":{"x":-6.3944783210754398,"y":-0.29833662509918215,"z":-3.140029191970825},"rotation":{"x":0.04486813768744469,"y":0.888704776763916,"z":-0.447524756193161,"w":0.08907082676887512},"size":2.8308639526367189,"orthographic":false}