{"cameraMode":{"drawMode":0,"name":"Shaded","section":"Shading Mode"},"sceneLighting":false,"audioPlay":false,"sceneViewState":{"showFog":true,"showMaterialUpdate":false,"showSkybox":false,"showFlares":true,"showImageEffects":true,"showParticleSystems":true},"in2DMode":false,"pivot":{"x":14.995594024658204,"y":0.7820079326629639,"z":0.0},"rotation":{"x":-0.25119733810424807,"y":0.08815136551856995,"z":-0.022978059947490693,"w":-0.9636435508728027},"size":2.845677375793457,"orthographic":false}