{"cameraMode":{"drawMode":0,"name":"Shaded","section":"Shading Mode"},"sceneLighting":true,"audioPlay":false,"sceneViewState":{"showFog":true,"showMaterialUpdate":false,"showSkybox":true,"showFlares":true,"showImageEffects":true,"showParticleSystems":true},"in2DMode":false,"pivot":{"x":1.1617894172668458,"y":0.868349552154541,"z":56.93721008300781},"rotation":{"x":0.07835860550403595,"y":0.7694687247276306,"z":-0.0963674783706665,"w":0.6268202662467957},"size":3.883800506591797,"orthographic":true}