{"cameraMode":{"drawMode":0,"name":"Shaded","section":"Shading Mode"},"sceneLighting":true,"audioPlay":false,"sceneViewState":{"showFog":true,"showMaterialUpdate":false,"showSkybox":true,"showFlares":true,"showImageEffects":true,"showParticleSystems":true},"in2DMode":false,"pivot":{"x":33.5,"y":0.7442456483840942,"z":26.14215087890625},"rotation":{"x":0.027432335540652276,"y":-0.9279032349586487,"z":0.3652498126029968,"w":0.06973979622125626},"size":42.69577407836914,"orthographic":false}