{"cameraMode":{"drawMode":0,"name":"Shaded","section":"Shading Mode"},"sceneLighting":true,"audioPlay":false,"sceneViewState":{"showFog":true,"showMaterialUpdate":false,"showSkybox":true,"showFlares":true,"showImageEffects":true,"showParticleSystems":true},"in2DMode":false,"pivot":{"x":57.36344909667969,"y":0.8007563352584839,"z":39.66160583496094},"rotation":{"x":-0.23129762709140778,"y":0.6109408140182495,"z":-0.19300895929336549,"w":-0.7321316599845886},"size":1.9303094148635865,"orthographic":true}