{"cameraMode":{"drawMode":0,"name":"Shaded","section":"Shading Mode"},"sceneLighting":true,"audioPlay":false,"sceneViewState":{"showFog":true,"showMaterialUpdate":false,"showSkybox":true,"showFlares":true,"showImageEffects":true,"showParticleSystems":true},"in2DMode":false,"pivot":{"x":58.33000183105469,"y":0.9000015258789063,"z":39.840003967285159},"rotation":{"x":-0.010843396186828614,"y":-0.9530360698699951,"z":0.30108699202537539,"w":-0.03431893140077591},"size":0.00011086639278801158,"orthographic":true}