{"cameraMode":{"drawMode":0,"name":"Shaded","section":"Shading Mode"},"sceneLighting":true,"audioPlay":false,"sceneViewState":{"showFog":true,"showMaterialUpdate":false,"showSkybox":true,"showFlares":true,"showImageEffects":true,"showParticleSystems":true},"in2DMode":false,"pivot":{"x":-85.66413879394531,"y":0.49930042028427126,"z":-23.718706130981447},"rotation":{"x":0.20423586666584016,"y":-0.2261323630809784,"z":0.04855465516448021,"w":0.9512178897857666},"size":5.719789028167725,"orthographic":false}