{"cameraMode":{"drawMode":0,"name":"Shaded","section":"Shading Mode"},"sceneLighting":false,"audioPlay":false,"sceneViewState":{"showFog":true,"showMaterialUpdate":false,"showSkybox":false,"showFlares":true,"showImageEffects":true,"showParticleSystems":true},"in2DMode":false,"pivot":{"x":609.0149536132813,"y":17.20199966430664,"z":404.0694274902344},"rotation":{"x":-0.00363237876445055,"y":0.995053768157959,"z":-0.09130483865737915,"w":-0.03974489867687225},"size":5.002951622009277,"orthographic":false}