{"cameraMode":{"drawMode":0,"name":"Shaded","section":"Shading Mode"},"sceneLighting":true,"audioPlay":false,"sceneViewState":{"showFog":true,"showMaterialUpdate":false,"showSkybox":true,"showFlares":true,"showImageEffects":true,"showParticleSystems":true},"in2DMode":false,"pivot":{"x":375.16180419921877,"y":199.1927032470703,"z":253.70436096191407},"rotation":{"x":0.016351183876395227,"y":0.9802060723304749,"z":-0.17472171783447267,"w":0.09171481430530548},"size":51.336788177490237,"orthographic":false}