{"cameraMode":{"drawMode":0,"name":"Shaded","section":"Shading Mode"},"sceneLighting":false,"audioPlay":false,"sceneViewState":{"showFog":true,"showMaterialUpdate":false,"showSkybox":false,"showFlares":true,"showImageEffects":true,"showParticleSystems":true},"in2DMode":false,"pivot":{"x":462.3785705566406,"y":242.26394653320313,"z":124.6417236328125},"rotation":{"x":0.0383789949119091,"y":0.022481519728899003,"z":-0.0008636736893095076,"w":0.9990102052688599},"size":768.2471923828125,"orthographic":false}