{"cameraMode":{"drawMode":0,"name":"Shaded","section":"Shading Mode"},"sceneLighting":true,"audioPlay":false,"sceneViewState":{"showFog":true,"showMaterialUpdate":false,"showSkybox":true,"showFlares":true,"showImageEffects":true,"showParticleSystems":true},"in2DMode":false,"pivot":{"x":163.791015625,"y":75.345703125,"z":112.2626953125},"rotation":{"x":0.09161470830440521,"y":-0.9055150747299194,"z":0.25055649876594546,"w":0.33049729466438296},"size":12.105974197387696,"orthographic":true}